<?xml version="1.0" encoding="UTF-8" standalone="no"?><Entities build="b189" majorVersion="9" minorVersion="2" modelPersistenceProviderPackage="H2PersistenceProviderPackage" revision="3" schemaVersion="1120" universal=""><Mashups><Mashup aspect.isFlex="true" aspect.isResponsive="true" aspect.mashupType="mashup" columns="0.0" description="" documentationContent="" homeMashup="" lastModifiedDate="2021-12-10T16:37:26.244Z" name="DragAndDropTest" projectName="PTCDefaultProject" rows="0.0" tags=""><Owner name="Administrator" type="User"/><avatar/><DesignTimePermissions><Create/><Read/><Update/><Delete/><Metadata/></DesignTimePermissions><RunTimePermissions/><VisibilityPermissions><Visibility/></VisibilityPermissions><ConfigurationTableDefinitions/><ConfigurationTables><ConfigurationTable dataShapeName="" description="Mashup Mobile Settings" isHidden="true" isMultiRow="false" name="MobileSettings" ordinal="0"><DataShape><FieldDefinitions><FieldDefinition aspect.defaultValue="false" aspect.friendlyName="Disable Zoom" baseType="BOOLEAN" description="Disables zooming in and out within the mashup" name="disableZoom" ordinal="0"/><FieldDefinition aspect.defaultValue="true" aspect.friendlyName="Full Screen Mode" baseType="BOOLEAN" description="Open the mashup in full screen mode" name="fullScreenMode" ordinal="0"/><FieldDefinition aspect.friendlyName="Height" baseType="STRING" description="The height of the mashup page" name="height" ordinal="0"/><FieldDefinition aspect.defaultValue="device-height" aspect.friendlyName="Height Type" baseType="STRING" description="Use the height of the device display, or a custom height (in px)" name="heightType" ordinal="0"/><FieldDefinition aspect.defaultValue="1.0" aspect.friendlyName="Initial Scale" baseType="NUMBER" description="The initial zoom scale when the mashup is loaded for the first time" name="initialScale" ordinal="0"/><FieldDefinition aspect.friendlyName="Shortcut Icon Title" baseType="STRING" description="A title for the mashup shortcut on the iOS home screen" name="iosShortcutIconTitle" ordinal="0"/><FieldDefinition aspect.defaultValue="black-translucent" aspect.friendlyName="Status Bar Appearance" baseType="STRING" description="The style of the iOS status bar" name="iosStatusBarAppearance" ordinal="0"/><FieldDefinition aspect.defaultValue="10.0" aspect.friendlyName="Maximum Scale" baseType="NUMBER" description="The maximum scale that users can zoom out to" name="maximumScale" ordinal="0"/><FieldDefinition aspect.defaultValue="0.1" aspect.friendlyName="Minimum Scale" baseType="NUMBER" description="The minimum scale that users can zoom out to" name="minimumScale" ordinal="0"/><FieldDefinition aspect.friendlyName="Width" baseType="STRING" description="The width of the mashup page" name="width" ordinal="0"/><FieldDefinition aspect.defaultValue="device-width" aspect.friendlyName="Width Type" baseType="STRING" description="Use the width of the device display, or a custom width (in px)" name="widthType" ordinal="0"/></FieldDefinitions></DataShape><Rows><Row><disableZoom>false</disableZoom><fullScreenMode>true</fullScreenMode><height/><heightType><![CDATA[device-height]]></heightType><initialScale>1.0</initialScale><iosShortcutIconTitle/><iosStatusBarAppearance><![CDATA[black-translucent]]></iosStatusBarAppearance><maximumScale>10.0</maximumScale><minimumScale>0.1</minimumScale><width/><widthType><![CDATA[device-width]]></widthType></Row></Rows></ConfigurationTable></ConfigurationTables><ParameterDefinitions><FieldDefinition aspect.bindingDirection="BOTH" aspect.isMandatory="false" baseType="NUMBER" description="" name="userMove" ordinal="0"/></ParameterDefinitions><Things/><ThingShapes/><ThingTemplates/><mashupContent><![CDATA[{
  "CustomMashupCss" : "",
  "Data" : {
    "Session" : {
      "DataName" : "Session",
      "EntityName" : "",
      "EntityType" : "Session",
      "Id" : "session",
      "Services" : [ {
        "APIMethod" : "post",
        "Characteristic" : "Services",
        "Id" : "SessionInterface",
        "Name" : "GetGlobalSessionValues",
        "Parameters" : { },
        "RefreshInterval" : 0,
        "Target" : "GetGlobalSessionValues"
      } ]
    },
    "UserExtensions" : {
      "DataName" : "UserExtensions",
      "EntityName" : "",
      "EntityType" : "UserExtensions",
      "Id" : "UserExtensions",
      "Services" : [ {
        "APIMethod" : "post",
        "Characteristic" : "Services",
        "Id" : "UserExtensionInterface",
        "Name" : "GetCurrentUserExtensionProperties",
        "Parameters" : { },
        "RefreshInterval" : 0,
        "Target" : "GetCurrentUserExtensionProperties"
      } ]
    }
  },
  "DataBindings" : [ {
    "Id" : "97c29b97-466b-4832-be1b-8f03d4f348aa",
    "PropertyMaps" : [ {
      "SourceProperty" : "Output",
      "SourcePropertyBaseType" : "STRING",
      "SourcePropertyType" : "Property",
      "TargetProperty" : "Input1",
      "TargetPropertyBaseType" : "STRING",
      "TargetPropertyType" : "property"
    } ],
    "SourceArea" : "UI",
    "SourceId" : "expression-25",
    "SourceSection" : "",
    "TargetArea" : "UI",
    "TargetId" : "eventsrouter-27",
    "TargetSection" : ""
  }, {
    "Id" : "31d6ddb4-f1dc-4ab7-98fc-6ee73aa5952e",
    "PropertyMaps" : [ {
      "SourceProperty" : "Output",
      "SourcePropertyBaseType" : "STRING",
      "SourcePropertyType" : "Property",
      "TargetProperty" : "Input2",
      "TargetPropertyBaseType" : "STRING",
      "TargetPropertyType" : "property"
    } ],
    "SourceArea" : "UI",
    "SourceId" : "expression-26",
    "SourceSection" : "",
    "TargetArea" : "UI",
    "TargetId" : "eventsrouter-27",
    "TargetSection" : ""
  }, {
    "Id" : "2774a1d3-53cd-4f57-8189-c89512c0d368",
    "PropertyMaps" : [ {
      "SourceProperty" : "Output",
      "SourcePropertyBaseType" : "STRING",
      "SourcePropertyType" : "Property",
      "TargetProperty" : "SourceURL",
      "TargetPropertyBaseType" : "IMAGELINK",
      "TargetPropertyType" : "property"
    } ],
    "SourceArea" : "UI",
    "SourceId" : "eventsrouter-27",
    "SourceSection" : "",
    "TargetArea" : "UI",
    "TargetId" : "ptcsimage-24",
    "TargetSection" : ""
  }, {
    "Id" : "a792c9e8-05d9-472b-a9d1-b7512da8c28c",
    "PropertyMaps" : [ {
      "SourceProperty" : "userMove",
      "SourcePropertyBaseType" : "NUMBER",
      "SourcePropertyType" : "Field",
      "TargetProperty" : "userMove",
      "TargetPropertyBaseType" : "NUMBER",
      "TargetPropertyType" : "property"
    } ],
    "SourceArea" : "Session",
    "SourceDetails" : "AllData",
    "SourceId" : "Session",
    "SourceSection" : "Session",
    "TargetArea" : "Mashup",
    "TargetId" : "mashup-root",
    "TargetSection" : ""
  }, {
    "Id" : "5b43a59f-1b46-4b37-9e0b-40c63adfdef1",
    "PropertyMaps" : [ {
      "SourceProperty" : "dropValue",
      "SourcePropertyBaseType" : "STRING",
      "SourcePropertyType" : "property",
      "TargetProperty" : "Message",
      "TargetPropertyBaseType" : "STRING",
      "TargetPropertyType" : "property"
    } ],
    "SourceArea" : "UI",
    "SourceId" : "draganddrop-23",
    "SourceSection" : "",
    "TargetArea" : "UI",
    "TargetId" : "statusmessage-63",
    "TargetSection" : ""
  } ],
  "DesignTimePermissions" : {
    "Create" : [ ],
    "Delete" : [ ],
    "Metadata" : [ ],
    "Read" : [ ],
    "Update" : [ ]
  },
  "Events" : [ {
    "EventHandlerArea" : "UI",
    "EventHandlerId" : "expression-25",
    "EventHandlerService" : "Evaluate",
    "EventTriggerArea" : "UI",
    "EventTriggerEvent" : "OnDragEnter",
    "EventTriggerId" : "draganddrop-23",
    "EventTriggerSection" : "",
    "Id" : "076b6359-d683-4bd6-a440-31fcd09d0113"
  }, {
    "EventHandlerArea" : "UI",
    "EventHandlerId" : "expression-26",
    "EventHandlerService" : "Evaluate",
    "EventTriggerArea" : "UI",
    "EventTriggerEvent" : "OnDragLeave",
    "EventTriggerId" : "draganddrop-23",
    "EventTriggerSection" : "",
    "Id" : "c5303dcc-52a0-4b2a-aec8-1475971538d4"
  }, {
    "EventHandlerArea" : "UI",
    "EventHandlerId" : "expression-26",
    "EventHandlerService" : "Evaluate",
    "EventTriggerArea" : "Mashup",
    "EventTriggerEvent" : "Loaded",
    "EventTriggerId" : "mashup-root",
    "EventTriggerSection" : "",
    "Id" : "95e38f1e-7312-4850-81cf-d225363169fc"
  }, {
    "EventHandlerArea" : "UI",
    "EventHandlerId" : "expression-26",
    "EventHandlerService" : "Evaluate",
    "EventTriggerArea" : "UI",
    "EventTriggerEvent" : "OnDrop",
    "EventTriggerId" : "draganddrop-23",
    "EventTriggerSection" : "",
    "Id" : "11a42f0a-0128-4939-859f-da7d261854b3"
  }, {
    "EventHandlerArea" : "UI",
    "EventHandlerId" : "statusmessage-39",
    "EventHandlerService" : "ShowMessage",
    "EventTriggerArea" : "UI",
    "EventTriggerEvent" : "OnDragStart",
    "EventTriggerId" : "draganddrop-59",
    "EventTriggerSection" : "",
    "Id" : "e1b3b04c-1b71-45df-a75c-082455a09408"
  }, {
    "EventHandlerArea" : "UI",
    "EventHandlerId" : "statusmessage-63",
    "EventHandlerService" : "ShowMessage",
    "EventTriggerArea" : "UI",
    "EventTriggerEvent" : "OnDrop",
    "EventTriggerId" : "draganddrop-23",
    "EventTriggerSection" : "",
    "Id" : "a2391e7e-5398-4314-a2ec-e452cddcfb32"
  }, {
    "EventHandlerArea" : "UI",
    "EventHandlerId" : "statusmessage-62",
    "EventHandlerService" : "ShowMessage",
    "EventTriggerArea" : "UI",
    "EventTriggerEvent" : "OnDragEnd",
    "EventTriggerId" : "draganddrop-59",
    "EventTriggerSection" : "",
    "Id" : "1cd537b8-7119-4c3c-a740-e7b9092ca0e5"
  } ],
  "RunTimePermissions" : {
    "permissions" : [ ]
  },
  "UI" : {
    "Properties" : {
      "AddToDashboardButton" : "SimplePlus",
      "AddToDashboardButtonStyle" : "DefaultAddToDashboardButtonStyle",
      "Area" : "Mashup",
      "BGImage" : "",
      "BGImageRepeat" : "no-repeat",
      "BGImageSize" : "auto",
      "Columns" : 0,
      "ConfigureGadgetButton" : "SimpleGear",
      "ConfigureGadgetButtonStyle" : "DefaultConfigureGadgetButtonStyle",
      "DisplayName" : "Mashup",
      "EnableParameterEditing" : false,
      "Height" : 618,
      "Id" : "mashup-root",
      "IgnoreWarningsInViewMashup" : false,
      "IsPrintLayout" : false,
      "Left" : 0,
      "MashupToEditGadget" : "DefaultMashupToEditGadget",
      "MinHeight" : 0,
      "MinWidth" : 0,
      "ResponsiveLayout" : true,
      "Rows" : 0,
      "ShowDataLoading" : true,
      "Style" : "DefaultMashupStyle",
      "StyleProperties" : {
        "data" : {
          "flexcontainer-20" : {
            "parts" : {
              "$" : {
                "$" : {
                  "border-color" : "rgba(0,0,0,1)",
                  "border-radius" : "4px",
                  "border-style" : "solid",
                  "border-width" : "1px"
                }
              }
            },
            "widget" : "flex-container"
          },
          "flexcontainer-21" : {
            "parts" : {
              "$" : {
                "$" : {
                  "border-color" : "#000000",
                  "border-radius" : "4px",
                  "border-style" : "solid",
                  "border-width" : "1px"
                }
              }
            },
            "widget" : "flex-container"
          },
          "flexcontainer-30" : {
            "parts" : {
              "$" : {
                "$" : {
                  "border-color" : "#000000",
                  "border-radius" : "8px",
                  "border-style" : "ridge",
                  "border-width" : "2px"
                }
              }
            },
            "widget" : "flex-container"
          }
        },
        "meta" : {
          "type" : "WidgetStyler",
          "version" : "1.0"
        }
      },
      "StyleTheme" : "PTC Convergence Theme",
      "Title" : "",
      "TitleBar" : false,
      "TitleBarStyle" : "DefaultTitleBarStyle",
      "TitleBarText" : "Gadget Title Here",
      "Top" : 0,
      "Type" : "mashup",
      "UseMasterTheme" : false,
      "UseTheme" : false,
      "UseThemeForHybrids" : false,
      "Visible" : true,
      "Width" : 1024,
      "Z-index" : 10,
      "__TypeDisplayName" : "Mashup",
      "_currentParameterDefs" : [ {
        "Aspects" : {
          "bindingDirection" : "BOTH",
          "isMandatory" : false
        },
        "BaseType" : "NUMBER",
        "Description" : "",
        "ParameterName" : "userMove"
      } ],
      "id_index" : 63,
      "supportsAutoResize" : true
    },
    "Widgets" : [ {
      "Properties" : {
        "Area" : "UI",
        "DisplayName" : "container-2",
        "EnableExpandCollapse" : false,
        "ExpandCollapseTabLocation" : "inside",
        "Expanded" : true,
        "Id" : "flexcontainer-2",
        "LastContainer" : true,
        "Overlay" : false,
        "ResponsiveLayout" : true,
        "ShowDataLoading" : true,
        "ShowExpandCollapseTab" : false,
        "SourceURL" : "",
        "Style" : "DefaultContainerStyle",
        "StyleProperties" : { },
        "Type" : "flexcontainer",
        "UseTheme" : true,
        "Visible" : true,
        "Z-index" : 10,
        "__TypeDisplayName" : "Responsive Container",
        "align-content" : "flex-start",
        "align-items" : "flex-start",
        "flex-basis" : "auto",
        "flex-direction" : "column",
        "flex-grow" : "1",
        "flex-max-height" : "",
        "flex-max-width" : "",
        "flex-min-height" : "",
        "flex-min-width" : "",
        "flex-shrink" : "1",
        "flex-size" : "default",
        "flex-wrap" : "nowrap",
        "iconClass" : "widgets-flexcontainer",
        "isLocked" : false,
        "justify-content" : "flex-start",
        "positioning" : "responsive",
        "userCannotRemove" : true
      },
      "Widgets" : [ {
        "Properties" : {
          "Area" : "UI",
          "DisplayName" : "container-60",
          "EnableExpandCollapse" : false,
          "ExpandCollapseTabLocation" : "inside",
          "Expanded" : true,
          "Id" : "flexcontainer-60",
          "LastContainer" : false,
          "Overlay" : false,
          "ResponsiveLayout" : false,
          "ShowDataLoading" : true,
          "ShowExpandCollapseTab" : false,
          "SourceURL" : "",
          "Style" : "DefaultContainerStyle",
          "StyleProperties" : { },
          "Type" : "flexcontainer",
          "UseTheme" : true,
          "Visible" : true,
          "Z-index" : 10,
          "__TypeDisplayName" : "Responsive Container",
          "align-content" : "flex-start",
          "align-items" : "flex-start",
          "flex-basis" : "auto",
          "flex-direction" : "row",
          "flex-grow" : "1",
          "flex-max-height" : "",
          "flex-max-width" : "",
          "flex-min-height" : "",
          "flex-min-width" : "",
          "flex-shrink" : "1",
          "flex-size" : "default",
          "flex-wrap" : "nowrap",
          "iconClass" : "widgets-flexcontainer",
          "isLocked" : false,
          "justify-content" : "flex-start",
          "positioning" : "responsive",
          "userCannotRemove" : false
        },
        "Widgets" : [ {
          "Properties" : {
            "Area" : "UI",
            "CustomClass" : "dragParentCustomClass",
            "DisplayName" : "container-20",
            "EnableExpandCollapse" : false,
            "ExpandCollapseTabLocation" : "inside",
            "Expanded" : true,
            "Id" : "flexcontainer-20",
            "LastContainer" : false,
            "Overlay" : false,
            "ResponsiveLayout" : false,
            "ShowDataLoading" : true,
            "ShowExpandCollapseTab" : false,
            "SourceURL" : "",
            "Style" : "DefaultContainerStyle",
            "StyleProperties" : { },
            "Type" : "flexcontainer",
            "UseTheme" : true,
            "Visible" : true,
            "Z-index" : 10,
            "__TypeDisplayName" : "Responsive Container",
            "align-content" : "flex-start",
            "align-items" : "flex-start",
            "flex-basis" : "auto",
            "flex-direction" : "row",
            "flex-grow" : "1",
            "flex-max-height" : "",
            "flex-max-width" : "",
            "flex-min-height" : "",
            "flex-min-width" : "",
            "flex-shrink" : "1",
            "flex-size" : "default",
            "flex-wrap" : "nowrap",
            "iconClass" : "widgets-flexcontainer",
            "isLocked" : false,
            "justify-content" : "flex-start",
            "positioning" : "responsive",
            "userCannotRemove" : false
          },
          "Widgets" : [ {
            "Properties" : {
              "Area" : "UI",
              "DisclosureControl" : "show-more",
              "DisplayName" : "ptcs-label-58",
              "HorizontalAlignment" : "left",
              "Id" : "ptcslabel-58",
              "LabelText" : "Drag From Here to Simulate D&D",
              "LabelType" : "label",
              "LastContainer" : false,
              "Left" : 120,
              "Margin" : "5",
              "MultiLine" : false,
              "ResponsiveLayout" : false,
              "ShowDataLoading" : true,
              "Top" : 25,
              "Type" : "ptcslabel",
              "UseTheme" : true,
              "VerticalAlignment" : "flex-start",
              "Visible" : true,
              "Z-index" : 10,
              "__TypeDisplayName" : "Label",
              "overflowShowLessTxt" : "[[showLess]]",
              "overflowShowMoreTxt" : "[[showMore]]"
            },
            "Widgets" : [ ]
          }, {
            "Properties" : {
              "Area" : "UI",
              "DisplayName" : "draganddrop-59",
              "Height" : 28,
              "Id" : "draganddrop-59",
              "LastContainer" : false,
              "Left" : 162,
              "Margin" : "5",
              "ResponsiveLayout" : false,
              "ShowDataLoading" : true,
              "Top" : 91,
              "Type" : "draganddrop",
              "Visible" : true,
              "Width" : 200,
              "Z-index" : 10,
              "__TypeDisplayName" : "DragAndDrop",
              "debugMode" : true,
              "dragParentCustomClass" : "dragParentCustomClass",
              "dragUniqueDragAndDropKey" : "uniqueDragAndDropKeyTest",
              "dragValue" : "A VALUE TO TRANSFER"
            },
            "Widgets" : [ ]
          } ]
        }, {
          "Properties" : {
            "Area" : "UI",
            "CustomClass" : "dropParentCustomClass",
            "DisplayName" : "container-21",
            "EnableExpandCollapse" : false,
            "ExpandCollapseTabLocation" : "inside",
            "Expanded" : true,
            "Id" : "flexcontainer-21",
            "LastContainer" : false,
            "Overlay" : false,
            "ResponsiveLayout" : false,
            "ShowDataLoading" : true,
            "ShowExpandCollapseTab" : false,
            "SourceURL" : "",
            "Style" : "DefaultContainerStyle",
            "StyleProperties" : { },
            "Type" : "flexcontainer",
            "UseTheme" : true,
            "Visible" : true,
            "Z-index" : 10,
            "__TypeDisplayName" : "Responsive Container",
            "align-content" : "flex-start",
            "align-items" : "flex-start",
            "flex-basis" : "auto",
            "flex-direction" : "row",
            "flex-grow" : "1",
            "flex-max-height" : "",
            "flex-max-width" : "",
            "flex-min-height" : "",
            "flex-min-width" : "",
            "flex-shrink" : "1",
            "flex-size" : "default",
            "flex-wrap" : "nowrap",
            "iconClass" : "widgets-flexcontainer",
            "isLocked" : false,
            "justify-content" : "flex-start",
            "positioning" : "responsive",
            "userCannotRemove" : false
          },
          "Widgets" : [ {
            "Properties" : {
              "Area" : "UI",
              "DisclosureControl" : "show-more",
              "DisplayName" : "ptcs-label-22",
              "HorizontalAlignment" : "left",
              "Id" : "ptcslabel-22",
              "LabelText" : "Drop Here to Simulate D&D",
              "LabelType" : "label",
              "LastContainer" : false,
              "Left" : 120,
              "Margin" : "5",
              "MultiLine" : false,
              "ResponsiveLayout" : false,
              "ShowDataLoading" : true,
              "Top" : 25,
              "Type" : "ptcslabel",
              "UseTheme" : true,
              "VerticalAlignment" : "flex-start",
              "Visible" : true,
              "Z-index" : 10,
              "__TypeDisplayName" : "Label",
              "overflowShowLessTxt" : "[[showLess]]",
              "overflowShowMoreTxt" : "[[showMore]]"
            },
            "Widgets" : [ ]
          }, {
            "Properties" : {
              "AlternateText" : "",
              "Area" : "UI",
              "ContainerDim" : false,
              "DisplayName" : "ptcs-image-24",
              "Height" : 32,
              "Id" : "ptcsimage-24",
              "LastContainer" : false,
              "Left" : 140,
              "Margin" : "5",
              "Position" : "top",
              "PreventCaching" : false,
              "ResponsiveLayout" : false,
              "Scaling" : "fit",
              "ShowDataLoading" : true,
              "SourceURL" : "/Thingworx/MediaEntities/trashclosed",
              "Top" : 20,
              "Type" : "ptcsimage",
              "UseTheme" : true,
              "Visible" : true,
              "Width" : 32,
              "Z-index" : 10,
              "__TypeDisplayName" : "Image"
            },
            "Widgets" : [ ]
          }, {
            "Properties" : {
              "Area" : "UI",
              "DisplayName" : "draganddrop-23",
              "Height" : 28,
              "Id" : "draganddrop-23",
              "LastContainer" : false,
              "Left" : 160,
              "Margin" : "5",
              "ResponsiveLayout" : false,
              "ShowDataLoading" : true,
              "Top" : 50,
              "Type" : "draganddrop",
              "Visible" : true,
              "Width" : 100,
              "Z-index" : 10,
              "__TypeDisplayName" : "DragAndDrop",
              "debugMode" : true,
              "dropParentCustomClass" : "dropParentCustomClass",
              "dropUniqueDragAndDropKey" : "uniqueDragAndDropKeyTest"
            },
            "Widgets" : [ ]
          } ]
        } ]
      }, {
        "Properties" : {
          "Area" : "UI",
          "DisplayName" : "container-61",
          "EnableExpandCollapse" : false,
          "ExpandCollapseTabLocation" : "inside",
          "Expanded" : true,
          "Id" : "flexcontainer-61",
          "LastContainer" : false,
          "Overlay" : false,
          "ResponsiveLayout" : true,
          "ShowDataLoading" : true,
          "ShowExpandCollapseTab" : false,
          "SourceURL" : "",
          "Style" : "DefaultContainerStyle",
          "StyleProperties" : { },
          "Type" : "flexcontainer",
          "UseTheme" : true,
          "Visible" : true,
          "Z-index" : 10,
          "__TypeDisplayName" : "Responsive Container",
          "align-content" : "flex-start",
          "align-items" : "flex-start",
          "flex-basis" : "auto",
          "flex-direction" : "row",
          "flex-grow" : 1,
          "flex-max-height" : "",
          "flex-max-width" : "",
          "flex-min-height" : "",
          "flex-min-width" : "",
          "flex-shrink" : 1,
          "flex-size" : "default",
          "flex-wrap" : "nowrap",
          "iconClass" : "widgets-flexcontainer",
          "isLocked" : false,
          "justify-content" : "flex-start",
          "positioning" : "responsive",
          "userCannotRemove" : false
        },
        "Widgets" : [ ]
      } ]
    }, {
      "Properties" : {
        "Area" : "UI",
        "AutoEvaluate" : false,
        "DataChangeType" : "ALWAYS",
        "DisplayName" : "open",
        "Expression" : "result = \"trashopen\";",
        "FireOnFirstValue" : false,
        "Height" : 28,
        "Id" : "expression-25",
        "LastContainer" : false,
        "Left" : 0,
        "OutputBaseType" : "STRING",
        "ResponsiveLayout" : false,
        "ShowDataLoading" : true,
        "Top" : 0,
        "Type" : "expression",
        "Visible" : true,
        "Width" : 200,
        "Z-index" : 10,
        "__TypeDisplayName" : "Expression",
        "_currentParameterDefs" : [ ]
      },
      "Widgets" : [ ]
    }, {
      "Properties" : {
        "Area" : "UI",
        "AutoEvaluate" : false,
        "DataChangeType" : "ALWAYS",
        "DisplayName" : "close",
        "Expression" : "result = \"trashclosed\";",
        "FireOnFirstValue" : false,
        "Height" : 28,
        "Id" : "expression-26",
        "LastContainer" : false,
        "Left" : 0,
        "OutputBaseType" : "STRING",
        "ResponsiveLayout" : false,
        "ShowDataLoading" : true,
        "Top" : 0,
        "Type" : "expression",
        "Visible" : true,
        "Width" : 200,
        "Z-index" : 10,
        "__TypeDisplayName" : "Expression",
        "_currentParameterDefs" : [ ]
      },
      "Widgets" : [ ]
    }, {
      "Properties" : {
        "Area" : "UI",
        "DataShape" : "",
        "DataType" : "STRING",
        "DisplayName" : "trash",
        "Id" : "eventsrouter-27",
        "LastContainer" : false,
        "Left" : 0,
        "NumberOfInputs" : "2",
        "ResponsiveLayout" : false,
        "ShowDataLoading" : true,
        "Top" : 0,
        "Type" : "eventsrouter",
        "Visible" : true,
        "Z-index" : 10,
        "__TypeDisplayName" : "Events Router"
      },
      "Widgets" : [ ]
    }, {
      "Properties" : {
        "Area" : "UI",
        "DisplayName" : "started",
        "Height" : 28,
        "Id" : "statusmessage-39",
        "LastContainer" : false,
        "Left" : 0,
        "Message" : "Started",
        "MessageType" : "info",
        "ResponsiveLayout" : false,
        "ShowDataLoading" : true,
        "Top" : 0,
        "Type" : "statusmessage",
        "Visible" : true,
        "Width" : 200,
        "Z-index" : 10,
        "__TypeDisplayName" : "Status Message"
      },
      "Widgets" : [ ]
    }, {
      "Properties" : {
        "Area" : "UI",
        "DisplayName" : "ended",
        "Height" : 28,
        "Id" : "statusmessage-62",
        "LastContainer" : false,
        "Left" : null,
        "Message" : "Ended",
        "MessageType" : "info",
        "ResponsiveLayout" : false,
        "ShowDataLoading" : true,
        "Top" : null,
        "Type" : "statusmessage",
        "Visible" : true,
        "Width" : 200,
        "Z-index" : 10,
        "__TypeDisplayName" : "Status Message"
      },
      "Widgets" : [ ]
    }, {
      "Properties" : {
        "Area" : "UI",
        "DisplayName" : "drop",
        "Height" : 28,
        "Id" : "statusmessage-63",
        "LastContainer" : false,
        "Left" : null,
        "Message" : "",
        "MessageType" : "info",
        "ResponsiveLayout" : false,
        "ShowDataLoading" : true,
        "Top" : null,
        "Type" : "statusmessage",
        "Visible" : true,
        "Width" : 200,
        "Z-index" : 10,
        "__TypeDisplayName" : "Status Message"
      },
      "Widgets" : [ ]
    } ]
  },
  "mashupType" : "mashup"
}]]></mashupContent><preview/><ConfigurationChanges><ConfigurationChange changeAction="CREATE" changeReason="header : name : updated&#10;" timestamp="2021-12-10T16:19:46.844Z" user="Administrator"/><ConfigurationChange changeAction="MODIFY" changeReason="Mashup : design : updated&#10;" timestamp="2021-12-10T16:24:18.359Z" user="Administrator"/><ConfigurationChange changeAction="MODIFY" changeReason="Mashup : design : updated&#10;" timestamp="2021-12-10T16:26:59.568Z" user="Administrator"/><ConfigurationChange changeAction="MODIFY" changeReason="Mashup : design : updated&#10;" timestamp="2021-12-10T16:27:21.251Z" user="Administrator"/><ConfigurationChange changeAction="MODIFY" changeReason="Mashup : design : updated&#10;" timestamp="2021-12-10T16:28:03.189Z" user="Administrator"/><ConfigurationChange changeAction="MODIFY" changeReason="Mashup : design : updated&#10;" timestamp="2021-12-10T16:28:49.555Z" user="Administrator"/><ConfigurationChange changeAction="MODIFY" changeReason="Mashup : design : updated&#10;" timestamp="2021-12-10T16:33:13.908Z" user="Administrator"/><ConfigurationChange changeAction="MODIFY" changeReason="Mashup : design : updated&#10;" timestamp="2021-12-10T16:34:44.939Z" user="Administrator"/><ConfigurationChange changeAction="MODIFY" changeReason="Mashup : design : updated&#10;" timestamp="2021-12-10T16:35:30.775Z" user="Administrator"/><ConfigurationChange changeAction="MODIFY" changeReason="Mashup : design : updated&#10;" timestamp="2021-12-10T16:37:26.244Z" user="Administrator"/></ConfigurationChanges></Mashup></Mashups></Entities>